{"cameraMode":{"drawMode":0,"name":"Shaded","section":"Shading Mode"},"sceneLighting":false,"audioPlay":false,"sceneViewState":{"showFog":true,"showMaterialUpdate":false,"showSkybox":true,"showFlares":true,"showImageEffects":true,"showParticleSystems":true},"in2DMode":false,"pivot":{"x":-0.046989232301712039,"y":0.38922160863876345,"z":0.9685481786727905},"rotation":{"x":0.02737218514084816,"y":-0.03647102043032646,"z":0.0011919583193957806,"w":0.9990416765213013},"size":2.162065267562866,"orthographic":false}