{"cameraMode":{"drawMode":0,"name":"Shaded","section":"Shading Mode"},"sceneLighting":true,"audioPlay":false,"sceneViewState":{"showFog":true,"showMaterialUpdate":false,"showSkybox":true,"showFlares":true,"showImageEffects":true,"showParticleSystems":true},"in2DMode":false,"pivot":{"x":3.0441389083862306,"y":1.273534893989563,"z":2.3330078125},"rotation":{"x":0.006826666183769703,"y":0.9873689413070679,"z":-0.04385896399617195,"w":0.1525549590587616},"size":4.612380027770996,"orthographic":false}